id,first_name,last_name,email,mobile_number,primary_address1,primary_address2,primary_city,primary_zip,Age,gender,age_bucket,geo_bucket,Party Affiliation,home_status,edu_bucket,ethnicity_bucket
p0,first_name0,last_name0,email0,mobile_number0,primary_address10,primary_address20,primary_city0,primary_zip0,Age0,Female,55-64,Neighborhood Region 3,Independent Party,Own,High school diploma or equivalent,White
p1,first_name1,last_name1,email1,mobile_number1,primary_address11,primary_address21,primary_city1,primary_zip1,Age1,Male,55-64,Neighborhood Region 2,Democratic Party,Rent,Bachelors degree or higher,White
p2,first_name2,last_name2,email2,mobile_number2,primary_address12,primary_address22,primary_city2,primary_zip2,Age2,Male,65+,Neighborhood Region 2,Republican Party,Own,Bachelors degree or higher,White
p3,first_name3,last_name3,email3,mobile_number3,primary_address13,primary_address23,primary_city3,primary_zip3,Age3,Male,55-64,Neighborhood Region 1,Independent Party,Own,Some college or Associate’s degree,White
p4,first_name4,last_name4,email4,mobile_number4,primary_address14,primary_address24,primary_city4,primary_zip4,Age4,Female,25-34,Neighborhood Region 3,Republican Party,Rent,Some college or Associate’s degree,White
p5,first_name5,last_name5,email5,mobile_number5,primary_address15,primary_address25,primary_city5,primary_zip5,Age5,Female,18-24,Neighborhood Region 3,Non-Affiliated/Other,Rent,Bachelors degree or higher,White
p6,first_name6,last_name6,email6,mobile_number6,primary_address16,primary_address26,primary_city6,primary_zip6,Age6,Male,18-24,Neighborhood Region 1,Democratic Party,Rent,Some schooling; no diploma,White
p7,first_name7,last_name7,email7,mobile_number7,primary_address17,primary_address27,primary_city7,primary_zip7,Age7,Male,25-34,Neighborhood Region 1,Democratic Party,Rent,Bachelors degree or higher,Hispanic/Latinx
p8,first_name8,last_name8,email8,mobile_number8,primary_address18,primary_address28,primary_city8,primary_zip8,Age8,Male,65+,Neighborhood Region 1,Non-Affiliated/Other,Rent,Some college or Associate’s degree,White
p9,first_name9,last_name9,email9,mobile_number9,primary_address19,primary_address29,primary_city9,primary_zip9,Age9,Male,45-54,Neighborhood Region 1,Independent Party,Own,Some college or Associate’s degree,White
p10,first_name10,last_name10,email10,mobile_number10,primary_address110,primary_address210,primary_city10,primary_zip10,Age10,Male,65+,Neighborhood Region 1,Democratic Party,Rent,Some college or Associate’s degree,White
p11,first_name11,last_name11,email11,mobile_number11,primary_address111,primary_address211,primary_city11,primary_zip11,Age11,Female,35-44,Neighborhood Region 2,Not Registered,Rent,Some schooling; no diploma,White
p12,first_name12,last_name12,email12,mobile_number12,primary_address112,primary_address212,primary_city12,primary_zip12,Age12,Female,25-34,Neighborhood Region 1,Republican Party,Rent,Some college or Associate’s degree,White
p13,first_name13,last_name13,email13,mobile_number13,primary_address113,primary_address213,primary_city13,primary_zip13,Age13,Male,18-24,Neighborhood Region 1,Democratic Party,Own,Some college or Associate’s degree,White
p14,first_name14,last_name14,email14,mobile_number14,primary_address114,primary_address214,primary_city14,primary_zip14,Age14,Male,35-44,Neighborhood Region 2,Republican Party,Own,Some college or Associate’s degree,White
p15,first_name15,last_name15,email15,mobile_number15,primary_address115,primary_address215,primary_city15,primary_zip15,Age15,Female,65+,Neighborhood Region 2,Democratic Party,Own,Some college or Associate’s degree,White
p16,first_name16,last_name16,email16,mobile_number16,primary_address116,primary_address216,primary_city16,primary_zip16,Age16,Male,18-24,Neighborhood Region 1,Republican Party,Own,Some college or Associate’s degree,White
p17,first_name17,last_name17,email17,mobile_number17,primary_address117,primary_address217,primary_city17,primary_zip17,Age17,Female,45-54,Neighborhood Region 2,Independent Party,Own,Bachelors degree or higher,White
p18,first_name18,last_name18,email18,mobile_number18,primary_address118,primary_address218,primary_city18,primary_zip18,Age18,Female,65+,Neighborhood Region 1,Independent Party,Rent,Some college or Associate’s degree,Black-Af. Amer-Native Amer-AN-Other
p19,first_name19,last_name19,email19,mobile_number19,primary_address119,primary_address219,primary_city19,primary_zip19,Age19,Female,35-44,Neighborhood Region 1,Not Registered,Own,Some college or Associate’s degree,Asian/PI
p20,first_name20,last_name20,email20,mobile_number20,primary_address120,primary_address220,primary_city20,primary_zip20,Age20,Male,45-54,Neighborhood Region 1,Democratic Party,Rent,High school diploma or equivalent,Hispanic/Latinx
p21,first_name21,last_name21,email21,mobile_number21,primary_address121,primary_address221,primary_city21,primary_zip21,Age21,Male,35-44,Neighborhood Region 2,Not Registered,Own,Some college or Associate’s degree,White
p22,first_name22,last_name22,email22,mobile_number22,primary_address122,primary_address222,primary_city22,primary_zip22,Age22,Male,55-64,Neighborhood Region 3,Independent Party,Own,Some college or Associate’s degree,White
p23,first_name23,last_name23,email23,mobile_number23,primary_address123,primary_address223,primary_city23,primary_zip23,Age23,Female,55-64,Neighborhood Region 1,Independent Party,Own,Some college or Associate’s degree,White
p24,first_name24,last_name24,email24,mobile_number24,primary_address124,primary_address224,primary_city24,primary_zip24,Age24,Female,55-64,Neighborhood Region 1,Republican Party,Own,High school diploma or equivalent,White
p25,first_name25,last_name25,email25,mobile_number25,primary_address125,primary_address225,primary_city25,primary_zip25,Age25,Male,65+,Neighborhood Region 3,Not Registered,Own,Bachelors degree or higher,White
p26,first_name26,last_name26,email26,mobile_number26,primary_address126,primary_address226,primary_city26,primary_zip26,Age26,Male,18-24,Neighborhood Region 3,Republican Party,Own,Some college or Associate’s degree,White
p27,first_name27,last_name27,email27,mobile_number27,primary_address127,primary_address227,primary_city27,primary_zip27,Age27,Male,45-54,Neighborhood Region 1,Republican Party,Rent,Bachelors degree or higher,White
p28,first_name28,last_name28,email28,mobile_number28,primary_address128,primary_address228,primary_city28,primary_zip28,Age28,Male,55-64,Neighborhood Region 1,Independent Party,Rent,High school diploma or equivalent,Asian/PI
p29,first_name29,last_name29,email29,mobile_number29,primary_address129,primary_address229,primary_city29,primary_zip29,Age29,Male,18-24,Neighborhood Region 1,Independent Party,Rent,Bachelors degree or higher,White
p30,first_name30,last_name30,email30,mobile_number30,primary_address130,primary_address230,primary_city30,primary_zip30,Age30,Female,35-44,Neighborhood Region 3,Republican Party,Own,High school diploma or equivalent,White
p31,first_name31,last_name31,email31,mobile_number31,primary_address131,primary_address231,primary_city31,primary_zip31,Age31,Male,55-64,Neighborhood Region 1,Republican Party,Rent,Some college or Associate’s degree,White
p32,first_name32,last_name32,email32,mobile_number32,primary_address132,primary_address232,primary_city32,primary_zip32,Age32,Male,35-44,Neighborhood Region 3,Not Registered,Own,Bachelors degree or higher,White
p33,first_name33,last_name33,email33,mobile_number33,primary_address133,primary_address233,primary_city33,primary_zip33,Age33,Female,25-34,Neighborhood Region 1,Not Registered,Own,Some schooling; no diploma,White
p34,first_name34,last_name34,email34,mobile_number34,primary_address134,primary_address234,primary_city34,primary_zip34,Age34,Female,35-44,Neighborhood Region 2,Republican Party,Rent,Some college or Associate’s degree,White
p35,first_name35,last_name35,email35,mobile_number35,primary_address135,primary_address235,primary_city35,primary_zip35,Age35,Male,65+,Neighborhood Region 1,Independent Party,Rent,Some college or Associate’s degree,White
p36,first_name36,last_name36,email36,mobile_number36,primary_address136,primary_address236,primary_city36,primary_zip36,Age36,Male,25-34,Neighborhood Region 1,Democratic Party,Own,Bachelors degree or higher,Black-Af. Amer-Native Amer-AN-Other
p37,first_name37,last_name37,email37,mobile_number37,primary_address137,primary_address237,primary_city37,primary_zip37,Age37,Male,45-54,Neighborhood Region 2,Republican Party,Rent,Some college or Associate’s degree,White
p38,first_name38,last_name38,email38,mobile_number38,primary_address138,primary_address238,primary_city38,primary_zip38,Age38,Male,45-54,Neighborhood Region 1,Independent Party,Rent,Bachelors degree or higher,White
p39,first_name39,last_name39,email39,mobile_number39,primary_address139,primary_address239,primary_city39,primary_zip39,Age39,Male,45-54,Neighborhood Region 3,Republican Party,Own,Bachelors degree or higher,White
p40,first_name40,last_name40,email40,mobile_number40,primary_address140,primary_address240,primary_city40,primary_zip40,Age40,Female,25-34,Neighborhood Region 3,Democratic Party,Own,Bachelors degree or higher,White
p41,first_name41,last_name41,email41,mobile_number41,primary_address141,primary_address241,primary_city41,primary_zip41,Age41,Female,18-24,Neighborhood Region 3,Democratic Party,Rent,Some college or Associate’s degree,White
p42,first_name42,last_name42,email42,mobile_number42,primary_address142,primary_address242,primary_city42,primary_zip42,Age42,Male,55-64,Neighborhood Region 2,Republican Party,Own,Some college or Associate’s degree,White
p43,first_name43,last_name43,email43,mobile_number43,primary_address143,primary_address243,primary_city43,primary_zip43,Age43,Female,45-54,Neighborhood Region 1,Non-Affiliated/Other,Rent,Bachelors degree or higher,White
p44,first_name44,last_name44,email44,mobile_number44,primary_address144,primary_address244,primary_city44,primary_zip44,Age44,Male,25-34,Neighborhood Region 1,Non-Affiliated/Other,Rent,High school diploma or equivalent,White
p45,first_name45,last_name45,email45,mobile_number45,primary_address145,primary_address245,primary_city45,primary_zip45,Age45,Female,55-64,Neighborhood Region 3,Democratic Party,Own,Some college or Associate’s degree,White
p46,first_name46,last_name46,email46,mobile_number46,primary_address146,primary_address246,primary_city46,primary_zip46,Age46,Female,35-44,Neighborhood Region 3,Non-Affiliated/Other,Own,Bachelors degree or higher,Hispanic/Latinx
p47,first_name47,last_name47,email47,mobile_number47,primary_address147,primary_address247,primary_city47,primary_zip47,Age47,Male,35-44,Neighborhood Region 2,Democratic Party,Own,Bachelors degree or higher,Hispanic/Latinx
p48,first_name48,last_name48,email48,mobile_number48,primary_address148,primary_address248,primary_city48,primary_zip48,Age48,Female,65+,Neighborhood Region 2,Not Registered,Own,Some college or Associate’s degree,White
p49,first_name49,last_name49,email49,mobile_number49,primary_address149,primary_address249,primary_city49,primary_zip49,Age49,Male,65+,Neighborhood Region 3,Democratic Party,Rent,Bachelors degree or higher,White
p50,first_name50,last_name50,email50,mobile_number50,primary_address150,primary_address250,primary_city50,primary_zip50,Age50,Male,25-34,Neighborhood Region 1,Republican Party,Own,Bachelors degree or higher,White
p51,first_name51,last_name51,email51,mobile_number51,primary_address151,primary_address251,primary_city51,primary_zip51,Age51,Female,25-34,Neighborhood Region 3,Non-Affiliated/Other,Own,Some schooling; no diploma,White
p52,first_name52,last_name52,email52,mobile_number52,primary_address152,primary_address252,primary_city52,primary_zip52,Age52,Male,25-34,Neighborhood Region 3,Republican Party,Own,Bachelors degree or higher,White
p53,first_name53,last_name53,email53,mobile_number53,primary_address153,primary_address253,primary_city53,primary_zip53,Age53,Male,35-44,Neighborhood Region 2,Democratic Party,Rent,Bachelors degree or higher,White
p54,first_name54,last_name54,email54,mobile_number54,primary_address154,primary_address254,primary_city54,primary_zip54,Age54,Male,65+,Neighborhood Region 2,Democratic Party,Rent,Bachelors degree or higher,White
p55,first_name55,last_name55,email55,mobile_number55,primary_address155,primary_address255,primary_city55,primary_zip55,Age55,Female,25-34,Neighborhood Region 1,Republican Party,Own,Bachelors degree or higher,White
p56,first_name56,last_name56,email56,mobile_number56,primary_address156,primary_address256,primary_city56,primary_zip56,Age56,Female,25-34,Neighborhood Region 1,Non-Affiliated/Other,Own,Bachelors degree or higher,White
p57,first_name57,last_name57,email57,mobile_number57,primary_address157,primary_address257,primary_city57,primary_zip57,Age57,Male,18-24,Neighborhood Region 2,Independent Party,Own,Some college or Associate’s degree,Asian/PI
p58,first_name58,last_name58,email58,mobile_number58,primary_address158,primary_address258,primary_city58,primary_zip58,Age58,Female,55-64,Neighborhood Region 3,Not Registered,Own,Bachelors degree or higher,White
p59,first_name59,last_name59,email59,mobile_number59,primary_address159,primary_address259,primary_city59,primary_zip59,Age59,Male,45-54,Neighborhood Region 2,Non-Affiliated/Other,Rent,Some college or Associate’s degree,White
p60,first_name60,last_name60,email60,mobile_number60,primary_address160,primary_address260,primary_city60,primary_zip60,Age60,Male,55-64,Neighborhood Region 2,Democratic Party,Rent,Some college or Associate’s degree,White
p61,first_name61,last_name61,email61,mobile_number61,primary_address161,primary_address261,primary_city61,primary_zip61,Age61,Female,35-44,Neighborhood Region 1,Not Registered,Rent,Some schooling; no diploma,White
p62,first_name62,last_name62,email62,mobile_number62,primary_address162,primary_address262,primary_city62,primary_zip62,Age62,Male,65+,Neighborhood Region 2,Independent Party,Own,Bachelors degree or higher,Hispanic/Latinx
p63,first_name63,last_name63,email63,mobile_number63,primary_address163,primary_address263,primary_city63,primary_zip63,Age63,Female,18-24,Neighborhood Region 1,Democratic Party,Own,Bachelors degree or higher,White
p64,first_name64,last_name64,email64,mobile_number64,primary_address164,primary_address264,primary_city64,primary_zip64,Age64,Female,25-34,Neighborhood Region 3,Not Registered,Own,Some college or Associate’s degree,White
p65,first_name65,last_name65,email65,mobile_number65,primary_address165,primary_address265,primary_city65,primary_zip65,Age65,Male,35-44,Neighborhood Region 3,Democratic Party,Own,Bachelors degree or higher,White
p66,first_name66,last_name66,email66,mobile_number66,primary_address166,primary_address266,primary_city66,primary_zip66,Age66,Male,65+,Neighborhood Region 1,Democratic Party,Own,Bachelors degree or higher,White
p67,first_name67,last_name67,email67,mobile_number67,primary_address167,primary_address267,primary_city67,primary_zip67,Age67,Male,35-44,Neighborhood Region 3,Democratic Party,Own,Some college or Associate’s degree,White
p68,first_name68,last_name68,email68,mobile_number68,primary_address168,primary_address268,primary_city68,primary_zip68,Age68,Female,55-64,Neighborhood Region 2,Independent Party,Own,Some college or Associate’s degree,White
p69,first_name69,last_name69,email69,mobile_number69,primary_address169,primary_address269,primary_city69,primary_zip69,Age69,Male,45-54,Neighborhood Region 2,Republican Party,Rent,High school diploma or equivalent,White
p70,first_name70,last_name70,email70,mobile_number70,primary_address170,primary_address270,primary_city70,primary_zip70,Age70,Female,65+,Neighborhood Region 1,Democratic Party,Own,Some college or Associate’s degree,White
p71,first_name71,last_name71,email71,mobile_number71,primary_address171,primary_address271,primary_city71,primary_zip71,Age71,Female,55-64,Neighborhood Region 2,Democratic Party,Rent,Some college or Associate’s degree,White
p72,first_name72,last_name72,email72,mobile_number72,primary_address172,primary_address272,primary_city72,primary_zip72,Age72,Female,25-34,Neighborhood Region 1,Republican Party,Rent,Some college or Associate’s degree,White
p73,first_name73,last_name73,email73,mobile_number73,primary_address173,primary_address273,primary_city73,primary_zip73,Age73,Female,35-44,Neighborhood Region 1,Republican Party,Own,Bachelors degree or higher,White
p74,first_name74,last_name74,email74,mobile_number74,primary_address174,primary_address274,primary_city74,primary_zip74,Age74,Male,35-44,Neighborhood Region 1,Democratic Party,Rent,High school diploma or equivalent,White
p75,first_name75,last_name75,email75,mobile_number75,primary_address175,primary_address275,primary_city75,primary_zip75,Age75,Female,45-54,Neighborhood Region 1,Democratic Party,Rent,Bachelors degree or higher,White
p76,first_name76,last_name76,email76,mobile_number76,primary_address176,primary_address276,primary_city76,primary_zip76,Age76,Male,35-44,Neighborhood Region 1,Democratic Party,Own,Bachelors degree or higher,White
p77,first_name77,last_name77,email77,mobile_number77,primary_address177,primary_address277,primary_city77,primary_zip77,Age77,Male,55-64,Neighborhood Region 3,Democratic Party,Own,Some schooling; no diploma,White
p78,first_name78,last_name78,email78,mobile_number78,primary_address178,primary_address278,primary_city78,primary_zip78,Age78,Other,55-64,Neighborhood Region 3,Democratic Party,Rent,Bachelors degree or higher,Black-Af. Amer-Native Amer-AN-Other
p79,first_name79,last_name79,email79,mobile_number79,primary_address179,primary_address279,primary_city79,primary_zip79,Age79,Female,65+,Neighborhood Region 2,Democratic Party,Own,Bachelors degree or higher,White
p80,first_name80,last_name80,email80,mobile_number80,primary_address180,primary_address280,primary_city80,primary_zip80,Age80,Female,45-54,Neighborhood Region 1,Democratic Party,Rent,Some schooling; no diploma,White
p81,first_name81,last_name81,email81,mobile_number81,primary_address181,primary_address281,primary_city81,primary_zip81,Age81,Female,55-64,Neighborhood Region 1,Independent Party,Own,Some college or Associate’s degree,White
p82,first_name82,last_name82,email82,mobile_number82,primary_address182,primary_address282,primary_city82,primary_zip82,Age82,Female,18-24,Neighborhood Region 2,Republican Party,Own,Some college or Associate’s degree,White
p83,first_name83,last_name83,email83,mobile_number83,primary_address183,primary_address283,primary_city83,primary_zip83,Age83,Male,35-44,Neighborhood Region 1,Non-Affiliated/Other,Own,Some college or Associate’s degree,Asian/PI
p84,first_name84,last_name84,email84,mobile_number84,primary_address184,primary_address284,primary_city84,primary_zip84,Age84,Female,25-34,Neighborhood Region 2,Republican Party,Own,Some college or Associate’s degree,White
p85,first_name85,last_name85,email85,mobile_number85,primary_address185,primary_address285,primary_city85,primary_zip85,Age85,Male,18-24,Neighborhood Region 1,Democratic Party,Own,Some college or Associate’s degree,White
p86,first_name86,last_name86,email86,mobile_number86,primary_address186,primary_address286,primary_city86,primary_zip86,Age86,Female,35-44,Neighborhood Region 2,Republican Party,Rent,High school diploma or equivalent,Black-Af. Amer-Native Amer-AN-Other
p87,first_name87,last_name87,email87,mobile_number87,primary_address187,primary_address287,primary_city87,primary_zip87,Age87,Male,45-54,Neighborhood Region 1,Independent Party,Own,Bachelors degree or higher,White
p88,first_name88,last_name88,email88,mobile_number88,primary_address188,primary_address288,primary_city88,primary_zip88,Age88,Male,65+,Neighborhood Region 3,Democratic Party,Own,Bachelors degree or higher,Hispanic/Latinx
p89,first_name89,last_name89,email89,mobile_number89,primary_address189,primary_address289,primary_city89,primary_zip89,Age89,Male,25-34,Neighborhood Region 3,Not Registered,Own,Some college or Associate’s degree,Hispanic/Latinx
p90,first_name90,last_name90,email90,mobile_number90,primary_address190,primary_address290,primary_city90,primary_zip90,Age90,Male,55-64,Neighborhood Region 3,Republican Party,Own,High school diploma or equivalent,White
p91,first_name91,last_name91,email91,mobile_number91,primary_address191,primary_address291,primary_city91,primary_zip91,Age91,Male,55-64,Neighborhood Region 2,Democratic Party,Own,Bachelors degree or higher,White
p92,first_name92,last_name92,email92,mobile_number92,primary_address192,primary_address292,primary_city92,primary_zip92,Age92,Other,25-34,Neighborhood Region 3,Democratic Party,Rent,Bachelors degree or higher,White
p93,first_name93,last_name93,email93,mobile_number93,primary_address193,primary_address293,primary_city93,primary_zip93,Age93,Male,35-44,Neighborhood Region 2,Republican Party,Rent,Some college or Associate’s degree,White
p94,first_name94,last_name94,email94,mobile_number94,primary_address194,primary_address294,primary_city94,primary_zip94,Age94,Other,25-34,Neighborhood Region 1,Independent Party,Rent,Some schooling; no diploma,White
p95,first_name95,last_name95,email95,mobile_number95,primary_address195,primary_address295,primary_city95,primary_zip95,Age95,Male,55-64,Neighborhood Region 3,Republican Party,Rent,Bachelors degree or higher,White
p96,first_name96,last_name96,email96,mobile_number96,primary_address196,primary_address296,primary_city96,primary_zip96,Age96,Male,55-64,Neighborhood Region 3,Democratic Party,Own,Some schooling; no diploma,White
p97,first_name97,last_name97,email97,mobile_number97,primary_address197,primary_address297,primary_city97,primary_zip97,Age97,Female,25-34,Neighborhood Region 2,Republican Party,Own,Bachelors degree or higher,White
p98,first_name98,last_name98,email98,mobile_number98,primary_address198,primary_address298,primary_city98,primary_zip98,Age98,Female,65+,Neighborhood Region 3,Republican Party,Rent,High school diploma or equivalent,White
p99,first_name99,last_name99,email99,mobile_number99,primary_address199,primary_address299,primary_city99,primary_zip99,Age99,Female,55-64,Neighborhood Region 2,Independent Party,Rent,Bachelors degree or higher,White
p100,first_name100,last_name100,email100,mobile_number100,primary_address1100,primary_address2100,primary_city100,primary_zip100,Age100,Female,65+,Neighborhood Region 1,Republican Party,Own,Bachelors degree or higher,White
p101,first_name101,last_name101,email101,mobile_number101,primary_address1101,primary_address2101,primary_city101,primary_zip101,Age101,Male,25-34,Neighborhood Region 1,Independent Party,Own,Bachelors degree or higher,White
p102,first_name102,last_name102,email102,mobile_number102,primary_address1102,primary_address2102,primary_city102,primary_zip102,Age102,Male,65+,Neighborhood Region 2,Democratic Party,Own,Some college or Associate’s degree,White
p103,first_name103,last_name103,email103,mobile_number103,primary_address1103,primary_address2103,primary_city103,primary_zip103,Age103,Male,45-54,Neighborhood Region 1,Independent Party,Own,Bachelors degree or higher,Hispanic/Latinx
p104,first_name104,last_name104,email104,mobile_number104,primary_address1104,primary_address2104,primary_city104,primary_zip104,Age104,Male,65+,Neighborhood Region 3,Republican Party,Own,Some college or Associate’s degree,White
p105,first_name105,last_name105,email105,mobile_number105,primary_address1105,primary_address2105,primary_city105,primary_zip105,Age105,Female,18-24,Neighborhood Region 3,Democratic Party,Own,Bachelors degree or higher,White
p106,first_name106,last_name106,email106,mobile_number106,primary_address1106,primary_address2106,primary_city106,primary_zip106,Age106,Female,25-34,Neighborhood Region 2,Independent Party,Own,Some college or Associate’s degree,White
p107,first_name107,last_name107,email107,mobile_number107,primary_address1107,primary_address2107,primary_city107,primary_zip107,Age107,Female,65+,Neighborhood Region 1,Democratic Party,Rent,Bachelors degree or higher,White
p108,first_name108,last_name108,email108,mobile_number108,primary_address1108,primary_address2108,primary_city108,primary_zip108,Age108,Male,45-54,Neighborhood Region 3,Not Registered,Own,High school diploma or equivalent,White
p109,first_name109,last_name109,email109,mobile_number109,primary_address1109,primary_address2109,primary_city109,primary_zip109,Age109,Female,35-44,Neighborhood Region 2,Republican Party,Rent,Bachelors degree or higher,White
p110,first_name110,last_name110,email110,mobile_number110,primary_address1110,primary_address2110,primary_city110,primary_zip110,Age110,Male,18-24,Neighborhood Region 2,Democratic Party,Own,Some college or Associate’s degree,Asian/PI
p111,first_name111,last_name111,email111,mobile_number111,primary_address1111,primary_address2111,primary_city111,primary_zip111,Age111,Male,25-34,Neighborhood Region 3,Not Registered,Own,Some college or Associate’s degree,Asian/PI
p112,first_name112,last_name112,email112,mobile_number112,primary_address1112,primary_address2112,primary_city112,primary_zip112,Age112,Male,65+,Neighborhood Region 1,Democratic Party,Rent,Some college or Associate’s degree,White
p113,first_name113,last_name113,email113,mobile_number113,primary_address1113,primary_address2113,primary_city113,primary_zip113,Age113,Female,18-24,Neighborhood Region 3,Republican Party,Own,Some college or Associate’s degree,Black-Af. Amer-Native Amer-AN-Other
p114,first_name114,last_name114,email114,mobile_number114,primary_address1114,primary_address2114,primary_city114,primary_zip114,Age114,Other,45-54,Neighborhood Region 1,Independent Party,Rent,Some college or Associate’s degree,White
p115,first_name115,last_name115,email115,mobile_number115,primary_address1115,primary_address2115,primary_city115,primary_zip115,Age115,Male,65+,Neighborhood Region 2,Independent Party,Rent,Bachelors degree or higher,White
p116,first_name116,last_name116,email116,mobile_number116,primary_address1116,primary_address2116,primary_city116,primary_zip116,Age116,Male,65+,Neighborhood Region 1,Republican Party,Own,Bachelors degree or higher,Hispanic/Latinx
p117,first_name117,last_name117,email117,mobile_number117,primary_address1117,primary_address2117,primary_city117,primary_zip117,Age117,Female,35-44,Neighborhood Region 3,Democratic Party,Rent,Bachelors degree or higher,White
p118,first_name118,last_name118,email118,mobile_number118,primary_address1118,primary_address2118,primary_city118,primary_zip118,Age118,Female,25-34,Neighborhood Region 1,Independent Party,Rent,Some college or Associate’s degree,White
p119,first_name119,last_name119,email119,mobile_number119,primary_address1119,primary_address2119,primary_city119,primary_zip119,Age119,Female,65+,Neighborhood Region 3,Not Registered,Rent,Bachelors degree or higher,White
p120,first_name120,last_name120,email120,mobile_number120,primary_address1120,primary_address2120,primary_city120,primary_zip120,Age120,Male,55-64,Neighborhood Region 2,Independent Party,Rent,Some schooling; no diploma,White
p121,first_name121,last_name121,email121,mobile_number121,primary_address1121,primary_address2121,primary_city121,primary_zip121,Age121,Other,45-54,Neighborhood Region 3,Republican Party,Rent,Bachelors degree or higher,White
p122,first_name122,last_name122,email122,mobile_number122,primary_address1122,primary_address2122,primary_city122,primary_zip122,Age122,Female,18-24,Neighborhood Region 3,Independent Party,Own,High school diploma or equivalent,White
p123,first_name123,last_name123,email123,mobile_number123,primary_address1123,primary_address2123,primary_city123,primary_zip123,Age123,Female,65+,Neighborhood Region 3,Not Registered,Rent,Some college or Associate’s degree,White
p124,first_name124,last_name124,email124,mobile_number124,primary_address1124,primary_address2124,primary_city124,primary_zip124,Age124,Female,45-54,Neighborhood Region 1,Non-Affiliated/Other,Rent,Some college or Associate’s degree,White
p125,first_name125,last_name125,email125,mobile_number125,primary_address1125,primary_address2125,primary_city125,primary_zip125,Age125,Male,65+,Neighborhood Region 3,Not Registered,Own,Bachelors degree or higher,White
p126,first_name126,last_name126,email126,mobile_number126,primary_address1126,primary_address2126,primary_city126,primary_zip126,Age126,Female,25-34,Neighborhood Region 3,Democratic Party,Own,Bachelors degree or higher,Hispanic/Latinx
p127,first_name127,last_name127,email127,mobile_number127,primary_address1127,primary_address2127,primary_city127,primary_zip127,Age127,Male,55-64,Neighborhood Region 2,Non-Affiliated/Other,Own,Bachelors degree or higher,White
p128,first_name128,last_name128,email128,mobile_number128,primary_address1128,primary_address2128,primary_city128,primary_zip128,Age128,Female,45-54,Neighborhood Region 2,Democratic Party,Rent,Some college or Associate’s degree,White
p129,first_name129,last_name129,email129,mobile_number129,primary_address1129,primary_address2129,primary_city129,primary_zip129,Age129,Male,65+,Neighborhood Region 2,Republican Party,Own,High school diploma or equivalent,Hispanic/Latinx
p130,first_name130,last_name130,email130,mobile_number130,primary_address1130,primary_address2130,primary_city130,primary_zip130,Age130,Male,25-34,Neighborhood Region 1,Independent Party,Own,Bachelors degree or higher,White
p131,first_name131,last_name131,email131,mobile_number131,primary_address1131,primary_address2131,primary_city131,primary_zip131,Age131,Other,18-24,Neighborhood Region 1,Democratic Party,Own,Bachelors degree or higher,White
p132,first_name132,last_name132,email132,mobile_number132,primary_address1132,primary_address2132,primary_city132,primary_zip132,Age132,Male,35-44,Neighborhood Region 1,Republican Party,Own,Bachelors degree or higher,White
p133,first_name133,last_name133,email133,mobile_number133,primary_address1133,primary_address2133,primary_city133,primary_zip133,Age133,Female,45-54,Neighborhood Region 3,Democratic Party,Own,Bachelors degree or higher,White
p134,first_name134,last_name134,email134,mobile_number134,primary_address1134,primary_address2134,primary_city134,primary_zip134,Age134,Female,55-64,Neighborhood Region 3,Non-Affiliated/Other,Own,Bachelors degree or higher,White
p135,first_name135,last_name135,email135,mobile_number135,primary_address1135,primary_address2135,primary_city135,primary_zip135,Age135,Female,55-64,Neighborhood Region 3,Republican Party,Own,Some college or Associate’s degree,White
p136,first_name136,last_name136,email136,mobile_number136,primary_address1136,primary_address2136,primary_city136,primary_zip136,Age136,Female,55-64,Neighborhood Region 1,Non-Affiliated/Other,Own,Bachelors degree or higher,Hispanic/Latinx
p137,first_name137,last_name137,email137,mobile_number137,primary_address1137,primary_address2137,primary_city137,primary_zip137,Age137,Male,35-44,Neighborhood Region 3,Democratic Party,Own,Bachelors degree or higher,White
p138,first_name138,last_name138,email138,mobile_number138,primary_address1138,primary_address2138,primary_city138,primary_zip138,Age138,Female,55-64,Neighborhood Region 1,Republican Party,Rent,Bachelors degree or higher,White
p139,first_name139,last_name139,email139,mobile_number139,primary_address1139,primary_address2139,primary_city139,primary_zip139,Age139,Male,45-54,Neighborhood Region 2,Democratic Party,Own,Some schooling; no diploma,Asian/PI
p140,first_name140,last_name140,email140,mobile_number140,primary_address1140,primary_address2140,primary_city140,primary_zip140,Age140,Male,65+,Neighborhood Region 3,Not Registered,Rent,Some college or Associate’s degree,Hispanic/Latinx
p141,first_name141,last_name141,email141,mobile_number141,primary_address1141,primary_address2141,primary_city141,primary_zip141,Age141,Male,65+,Neighborhood Region 3,Democratic Party,Own,Bachelors degree or higher,White
p142,first_name142,last_name142,email142,mobile_number142,primary_address1142,primary_address2142,primary_city142,primary_zip142,Age142,Male,25-34,Neighborhood Region 1,Democratic Party,Own,Bachelors degree or higher,White
p143,first_name143,last_name143,email143,mobile_number143,primary_address1143,primary_address2143,primary_city143,primary_zip143,Age143,Female,25-34,Neighborhood Region 3,Republican Party,Own,Some schooling; no diploma,White
p144,first_name144,last_name144,email144,mobile_number144,primary_address1144,primary_address2144,primary_city144,primary_zip144,Age144,Male,25-34,Neighborhood Region 1,Republican Party,Own,Some college or Associate’s degree,White
p145,first_name145,last_name145,email145,mobile_number145,primary_address1145,primary_address2145,primary_city145,primary_zip145,Age145,Female,45-54,Neighborhood Region 3,Republican Party,Own,Bachelors degree or higher,White
p146,first_name146,last_name146,email146,mobile_number146,primary_address1146,primary_address2146,primary_city146,primary_zip146,Age146,Female,55-64,Neighborhood Region 1,Democratic Party,Own,Bachelors degree or higher,White
p147,first_name147,last_name147,email147,mobile_number147,primary_address1147,primary_address2147,primary_city147,primary_zip147,Age147,Female,35-44,Neighborhood Region 2,Republican Party,Rent,Bachelors degree or higher,White
p148,first_name148,last_name148,email148,mobile_number148,primary_address1148,primary_address2148,primary_city148,primary_zip148,Age148,Female,25-34,Neighborhood Region 3,Democratic Party,Own,Some schooling; no diploma,Hispanic/Latinx
p149,first_name149,last_name149,email149,mobile_number149,primary_address1149,primary_address2149,primary_city149,primary_zip149,Age149,Male,35-44,Neighborhood Region 3,Democratic Party,Own,Some schooling; no diploma,Hispanic/Latinx
p150,first_name150,last_name150,email150,mobile_number150,primary_address1150,primary_address2150,primary_city150,primary_zip150,Age150,Male,35-44,Neighborhood Region 1,Republican Party,Rent,Some college or Associate’s degree,White
p151,first_name151,last_name151,email151,mobile_number151,primary_address1151,primary_address2151,primary_city151,primary_zip151,Age151,Male,45-54,Neighborhood Region 3,Democratic Party,Own,High school diploma or equivalent,Hispanic/Latinx
p152,first_name152,last_name152,email152,mobile_number152,primary_address1152,primary_address2152,primary_city152,primary_zip152,Age152,Female,25-34,Neighborhood Region 1,Republican Party,Rent,Some college or Associate’s degree,White
p153,first_name153,last_name153,email153,mobile_number153,primary_address1153,primary_address2153,primary_city153,primary_zip153,Age153,Male,65+,Neighborhood Region 3,Democratic Party,Own,Bachelors degree or higher,White
p154,first_name154,last_name154,email154,mobile_number154,primary_address1154,primary_address2154,primary_city154,primary_zip154,Age154,Male,35-44,Neighborhood Region 1,Not Registered,Own,High school diploma or equivalent,White
p155,first_name155,last_name155,email155,mobile_number155,primary_address1155,primary_address2155,primary_city155,primary_zip155,Age155,Male,55-64,Neighborhood Region 2,Non-Affiliated/Other,Rent,High school diploma or equivalent,White
p156,first_name156,last_name156,email156,mobile_number156,primary_address1156,primary_address2156,primary_city156,primary_zip156,Age156,Male,65+,Neighborhood Region 3,Democratic Party,Own,Some college or Associate’s degree,White
p157,first_name157,last_name157,email157,mobile_number157,primary_address1157,primary_address2157,primary_city157,primary_zip157,Age157,Male,18-24,Neighborhood Region 3,Republican Party,Own,Bachelors degree or higher,White
p158,first_name158,last_name158,email158,mobile_number158,primary_address1158,primary_address2158,primary_city158,primary_zip158,Age158,Female,55-64,Neighborhood Region 2,Republican Party,Own,Some college or Associate’s degree,White
p159,first_name159,last_name159,email159,mobile_number159,primary_address1159,primary_address2159,primary_city159,primary_zip159,Age159,Male,45-54,Neighborhood Region 3,Republican Party,Own,Bachelors degree or higher,White
p160,first_name160,last_name160,email160,mobile_number160,primary_address1160,primary_address2160,primary_city160,primary_zip160,Age160,Male,35-44,Neighborhood Region 1,Non-Affiliated/Other,Own,Bachelors degree or higher,White
p161,first_name161,last_name161,email161,mobile_number161,primary_address1161,primary_address2161,primary_city161,primary_zip161,Age161,Male,65+,Neighborhood Region 2,Not Registered,Rent,High school diploma or equivalent,Asian/PI
p162,first_name162,last_name162,email162,mobile_number162,primary_address1162,primary_address2162,primary_city162,primary_zip162,Age162,Female,65+,Neighborhood Region 3,Democratic Party,Rent,Bachelors degree or higher,White
p163,first_name163,last_name163,email163,mobile_number163,primary_address1163,primary_address2163,primary_city163,primary_zip163,Age163,Female,45-54,Neighborhood Region 2,Non-Affiliated/Other,Rent,Some schooling; no diploma,Hispanic/Latinx
p164,first_name164,last_name164,email164,mobile_number164,primary_address1164,primary_address2164,primary_city164,primary_zip164,Age164,Female,25-34,Neighborhood Region 2,Republican Party,Rent,Some schooling; no diploma,White
p165,first_name165,last_name165,email165,mobile_number165,primary_address1165,primary_address2165,primary_city165,primary_zip165,Age165,Male,55-64,Neighborhood Region 3,Republican Party,Own,High school diploma or equivalent,Hispanic/Latinx
p166,first_name166,last_name166,email166,mobile_number166,primary_address1166,primary_address2166,primary_city166,primary_zip166,Age166,Female,35-44,Neighborhood Region 2,Not Registered,Own,Some college or Associate’s degree,White
p167,first_name167,last_name167,email167,mobile_number167,primary_address1167,primary_address2167,primary_city167,primary_zip167,Age167,Male,25-34,Neighborhood Region 1,Democratic Party,Own,Some college or Associate’s degree,Hispanic/Latinx
p168,first_name168,last_name168,email168,mobile_number168,primary_address1168,primary_address2168,primary_city168,primary_zip168,Age168,Male,35-44,Neighborhood Region 2,Democratic Party,Own,High school diploma or equivalent,Hispanic/Latinx
p169,first_name169,last_name169,email169,mobile_number169,primary_address1169,primary_address2169,primary_city169,primary_zip169,Age169,Female,35-44,Neighborhood Region 2,Non-Affiliated/Other,Rent,Bachelors degree or higher,White
p170,first_name170,last_name170,email170,mobile_number170,primary_address1170,primary_address2170,primary_city170,primary_zip170,Age170,Female,55-64,Neighborhood Region 2,Not Registered,Rent,High school diploma or equivalent,White
p171,first_name171,last_name171,email171,mobile_number171,primary_address1171,primary_address2171,primary_city171,primary_zip171,Age171,Male,25-34,Neighborhood Region 2,Independent Party,Own,Bachelors degree or higher,White
p172,first_name172,last_name172,email172,mobile_number172,primary_address1172,primary_address2172,primary_city172,primary_zip172,Age172,Male,18-24,Neighborhood Region 1,Non-Affiliated/Other,Rent,Some college or Associate’s degree,White
p173,first_name173,last_name173,email173,mobile_number173,primary_address1173,primary_address2173,primary_city173,primary_zip173,Age173,Male,25-34,Neighborhood Region 2,Non-Affiliated/Other,Own,Some college or Associate’s degree,White
p174,first_name174,last_name174,email174,mobile_number174,primary_address1174,primary_address2174,primary_city174,primary_zip174,Age174,Female,25-34,Neighborhood Region 1,Democratic Party,Rent,Bachelors degree or higher,White
p175,first_name175,last_name175,email175,mobile_number175,primary_address1175,primary_address2175,primary_city175,primary_zip175,Age175,Male,45-54,Neighborhood Region 3,Democratic Party,Rent,Bachelors degree or higher,White
p176,first_name176,last_name176,email176,mobile_number176,primary_address1176,primary_address2176,primary_city176,primary_zip176,Age176,Female,18-24,Neighborhood Region 1,Non-Affiliated/Other,Own,Some college or Associate’s degree,Black-Af. Amer-Native Amer-AN-Other
p177,first_name177,last_name177,email177,mobile_number177,primary_address1177,primary_address2177,primary_city177,primary_zip177,Age177,Other,35-44,Neighborhood Region 2,Democratic Party,Own,Bachelors degree or higher,Black-Af. Amer-Native Amer-AN-Other
p178,first_name178,last_name178,email178,mobile_number178,primary_address1178,primary_address2178,primary_city178,primary_zip178,Age178,Male,25-34,Neighborhood Region 3,Non-Affiliated/Other,Own,Bachelors degree or higher,White
p179,first_name179,last_name179,email179,mobile_number179,primary_address1179,primary_address2179,primary_city179,primary_zip179,Age179,Male,65+,Neighborhood Region 1,Independent Party,Own,Some college or Associate’s degree,White
p180,first_name180,last_name180,email180,mobile_number180,primary_address1180,primary_address2180,primary_city180,primary_zip180,Age180,Male,45-54,Neighborhood Region 3,Non-Affiliated/Other,Rent,Some college or Associate’s degree,White
p181,first_name181,last_name181,email181,mobile_number181,primary_address1181,primary_address2181,primary_city181,primary_zip181,Age181,Female,25-34,Neighborhood Region 3,Not Registered,Own,Some schooling; no diploma,White
p182,first_name182,last_name182,email182,mobile_number182,primary_address1182,primary_address2182,primary_city182,primary_zip182,Age182,Male,65+,Neighborhood Region 2,Not Registered,Rent,Some college or Associate’s degree,White
p183,first_name183,last_name183,email183,mobile_number183,primary_address1183,primary_address2183,primary_city183,primary_zip183,Age183,Female,65+,Neighborhood Region 1,Democratic Party,Own,Bachelors degree or higher,White
p184,first_name184,last_name184,email184,mobile_number184,primary_address1184,primary_address2184,primary_city184,primary_zip184,Age184,Male,45-54,Neighborhood Region 3,Democratic Party,Rent,Some schooling; no diploma,White
p185,first_name185,last_name185,email185,mobile_number185,primary_address1185,primary_address2185,primary_city185,primary_zip185,Age185,Male,25-34,Neighborhood Region 3,Republican Party,Rent,Some college or Associate’s degree,Asian/PI
p186,first_name186,last_name186,email186,mobile_number186,primary_address1186,primary_address2186,primary_city186,primary_zip186,Age186,Female,35-44,Neighborhood Region 1,Republican Party,Rent,Some college or Associate’s degree,White
p187,first_name187,last_name187,email187,mobile_number187,primary_address1187,primary_address2187,primary_city187,primary_zip187,Age187,Male,55-64,Neighborhood Region 2,Not Registered,Rent,High school diploma or equivalent,White
p188,first_name188,last_name188,email188,mobile_number188,primary_address1188,primary_address2188,primary_city188,primary_zip188,Age188,Male,35-44,Neighborhood Region 2,Republican Party,Own,Bachelors degree or higher,White
p189,first_name189,last_name189,email189,mobile_number189,primary_address1189,primary_address2189,primary_city189,primary_zip189,Age189,Female,55-64,Neighborhood Region 3,Republican Party,Rent,Some college or Associate’s degree,White
p190,first_name190,last_name190,email190,mobile_number190,primary_address1190,primary_address2190,primary_city190,primary_zip190,Age190,Other,65+,Neighborhood Region 3,Democratic Party,Own,Bachelors degree or higher,White
p191,first_name191,last_name191,email191,mobile_number191,primary_address1191,primary_address2191,primary_city191,primary_zip191,Age191,Female,35-44,Neighborhood Region 1,Non-Affiliated/Other,Own,Some college or Associate’s degree,White
p192,first_name192,last_name192,email192,mobile_number192,primary_address1192,primary_address2192,primary_city192,primary_zip192,Age192,Male,25-34,Neighborhood Region 2,Independent Party,Rent,Some college or Associate’s degree,Asian/PI
p193,first_name193,last_name193,email193,mobile_number193,primary_address1193,primary_address2193,primary_city193,primary_zip193,Age193,Female,35-44,Neighborhood Region 2,Independent Party,Own,Some college or Associate’s degree,White
p194,first_name194,last_name194,email194,mobile_number194,primary_address1194,primary_address2194,primary_city194,primary_zip194,Age194,Male,65+,Neighborhood Region 2,Republican Party,Own,Bachelors degree or higher,Hispanic/Latinx
p195,first_name195,last_name195,email195,mobile_number195,primary_address1195,primary_address2195,primary_city195,primary_zip195,Age195,Female,35-44,Neighborhood Region 1,Republican Party,Own,Some college or Associate’s degree,White
p196,first_name196,last_name196,email196,mobile_number196,primary_address1196,primary_address2196,primary_city196,primary_zip196,Age196,Female,25-34,Neighborhood Region 2,Democratic Party,Own,High school diploma or equivalent,Black-Af. Amer-Native Amer-AN-Other
p197,first_name197,last_name197,email197,mobile_number197,primary_address1197,primary_address2197,primary_city197,primary_zip197,Age197,Male,25-34,Neighborhood Region 1,Democratic Party,Own,Bachelors degree or higher,Asian/PI
p198,first_name198,last_name198,email198,mobile_number198,primary_address1198,primary_address2198,primary_city198,primary_zip198,Age198,Female,65+,Neighborhood Region 1,Not Registered,Own,Bachelors degree or higher,White
p199,first_name199,last_name199,email199,mobile_number199,primary_address1199,primary_address2199,primary_city199,primary_zip199,Age199,Female,25-34,Neighborhood Region 3,Not Registered,Rent,Some college or Associate’s degree,White
p200,first_name200,last_name200,email200,mobile_number200,primary_address1200,primary_address2200,primary_city200,primary_zip200,Age200,Male,35-44,Neighborhood Region 3,Republican Party,Own,Bachelors degree or higher,White
p201,first_name201,last_name201,email201,mobile_number201,primary_address1201,primary_address2201,primary_city201,primary_zip201,Age201,Male,25-34,Neighborhood Region 3,Independent Party,Rent,Bachelors degree or higher,Hispanic/Latinx
p202,first_name202,last_name202,email202,mobile_number202,primary_address1202,primary_address2202,primary_city202,primary_zip202,Age202,Male,45-54,Neighborhood Region 1,Non-Affiliated/Other,Own,Bachelors degree or higher,White
p203,first_name203,last_name203,email203,mobile_number203,primary_address1203,primary_address2203,primary_city203,primary_zip203,Age203,Female,45-54,Neighborhood Region 1,Republican Party,Rent,High school diploma or equivalent,White
p204,first_name204,last_name204,email204,mobile_number204,primary_address1204,primary_address2204,primary_city204,primary_zip204,Age204,Female,55-64,Neighborhood Region 1,Republican Party,Own,Bachelors degree or higher,Hispanic/Latinx
p205,first_name205,last_name205,email205,mobile_number205,primary_address1205,primary_address2205,primary_city205,primary_zip205,Age205,Female,25-34,Neighborhood Region 3,Republican Party,Own,Bachelors degree or higher,White
p206,first_name206,last_name206,email206,mobile_number206,primary_address1206,primary_address2206,primary_city206,primary_zip206,Age206,Female,65+,Neighborhood Region 3,Non-Affiliated/Other,Rent,Bachelors degree or higher,White
p207,first_name207,last_name207,email207,mobile_number207,primary_address1207,primary_address2207,primary_city207,primary_zip207,Age207,Female,45-54,Neighborhood Region 2,Not Registered,Rent,Some college or Associate’s degree,White
p208,first_name208,last_name208,email208,mobile_number208,primary_address1208,primary_address2208,primary_city208,primary_zip208,Age208,Male,65+,Neighborhood Region 2,Democratic Party,Rent,High school diploma or equivalent,White
p209,first_name209,last_name209,email209,mobile_number209,primary_address1209,primary_address2209,primary_city209,primary_zip209,Age209,Male,35-44,Neighborhood Region 3,Democratic Party,Own,Bachelors degree or higher,White
p210,first_name210,last_name210,email210,mobile_number210,primary_address1210,primary_address2210,primary_city210,primary_zip210,Age210,Male,65+,Neighborhood Region 2,Non-Affiliated/Other,Own,Bachelors degree or higher,White
p211,first_name211,last_name211,email211,mobile_number211,primary_address1211,primary_address2211,primary_city211,primary_zip211,Age211,Female,35-44,Neighborhood Region 2,Not Registered,Rent,Some college or Associate’s degree,White
p212,first_name212,last_name212,email212,mobile_number212,primary_address1212,primary_address2212,primary_city212,primary_zip212,Age212,Female,45-54,Neighborhood Region 3,Independent Party,Own,Bachelors degree or higher,Hispanic/Latinx
p213,first_name213,last_name213,email213,mobile_number213,primary_address1213,primary_address2213,primary_city213,primary_zip213,Age213,Male,55-64,Neighborhood Region 1,Democratic Party,Own,High school diploma or equivalent,White
p214,first_name214,last_name214,email214,mobile_number214,primary_address1214,primary_address2214,primary_city214,primary_zip214,Age214,Female,35-44,Neighborhood Region 1,Democratic Party,Own,Bachelors degree or higher,Black-Af. Amer-Native Amer-AN-Other
p215,first_name215,last_name215,email215,mobile_number215,primary_address1215,primary_address2215,primary_city215,primary_zip215,Age215,Female,35-44,Neighborhood Region 3,Democratic Party,Own,Some schooling; no diploma,White
p216,first_name216,last_name216,email216,mobile_number216,primary_address1216,primary_address2216,primary_city216,primary_zip216,Age216,Male,45-54,Neighborhood Region 3,Democratic Party,Own,Some college or Associate’s degree,White
p217,first_name217,last_name217,email217,mobile_number217,primary_address1217,primary_address2217,primary_city217,primary_zip217,Age217,Male,18-24,Neighborhood Region 2,Republican Party,Rent,Bachelors degree or higher,White
p218,first_name218,last_name218,email218,mobile_number218,primary_address1218,primary_address2218,primary_city218,primary_zip218,Age218,Female,65+,Neighborhood Region 3,Republican Party,Own,Some schooling; no diploma,White
p219,first_name219,last_name219,email219,mobile_number219,primary_address1219,primary_address2219,primary_city219,primary_zip219,Age219,Female,25-34,Neighborhood Region 2,Non-Affiliated/Other,Rent,High school diploma or equivalent,White
p220,first_name220,last_name220,email220,mobile_number220,primary_address1220,primary_address2220,primary_city220,primary_zip220,Age220,Female,55-64,Neighborhood Region 3,Republican Party,Own,Bachelors degree or higher,Black-Af. Amer-Native Amer-AN-Other
p221,first_name221,last_name221,email221,mobile_number221,primary_address1221,primary_address2221,primary_city221,primary_zip221,Age221,Male,65+,Neighborhood Region 1,Republican Party,Rent,Bachelors degree or higher,White
p222,first_name222,last_name222,email222,mobile_number222,primary_address1222,primary_address2222,primary_city222,primary_zip222,Age222,Male,25-34,Neighborhood Region 1,Republican Party,Own,High school diploma or equivalent,White
p223,first_name223,last_name223,email223,mobile_number223,primary_address1223,primary_address2223,primary_city223,primary_zip223,Age223,Male,65+,Neighborhood Region 1,Non-Affiliated/Other,Own,Bachelors degree or higher,White
p224,first_name224,last_name224,email224,mobile_number224,primary_address1224,primary_address2224,primary_city224,primary_zip224,Age224,Female,25-34,Neighborhood Region 1,Not Registered,Rent,Bachelors degree or higher,White
p225,first_name225,last_name225,email225,mobile_number225,primary_address1225,primary_address2225,primary_city225,primary_zip225,Age225,Male,25-34,Neighborhood Region 2,Democratic Party,Own,High school diploma or equivalent,White
p226,first_name226,last_name226,email226,mobile_number226,primary_address1226,primary_address2226,primary_city226,primary_zip226,Age226,Male,45-54,Neighborhood Region 2,Democratic Party,Own,Some college or Associate’s degree,White
p227,first_name227,last_name227,email227,mobile_number227,primary_address1227,primary_address2227,primary_city227,primary_zip227,Age227,Female,65+,Neighborhood Region 1,Republican Party,Own,Bachelors degree or higher,White
p228,first_name228,last_name228,email228,mobile_number228,primary_address1228,primary_address2228,primary_city228,primary_zip228,Age228,Female,35-44,Neighborhood Region 3,Democratic Party,Own,Bachelors degree or higher,White
p229,first_name229,last_name229,email229,mobile_number229,primary_address1229,primary_address2229,primary_city229,primary_zip229,Age229,Female,65+,Neighborhood Region 3,Democratic Party,Rent,Some college or Associate’s degree,White
p230,first_name230,last_name230,email230,mobile_number230,primary_address1230,primary_address2230,primary_city230,primary_zip230,Age230,Other,65+,Neighborhood Region 2,Democratic Party,Rent,Some college or Associate’s degree,White
p231,first_name231,last_name231,email231,mobile_number231,primary_address1231,primary_address2231,primary_city231,primary_zip231,Age231,Male,25-34,Neighborhood Region 3,Non-Affiliated/Other,Own,Some college or Associate’s degree,White
p232,first_name232,last_name232,email232,mobile_number232,primary_address1232,primary_address2232,primary_city232,primary_zip232,Age232,Female,35-44,Neighborhood Region 3,Republican Party,Rent,Some college or Associate’s degree,White
p233,first_name233,last_name233,email233,mobile_number233,primary_address1233,primary_address2233,primary_city233,primary_zip233,Age233,Female,55-64,Neighborhood Region 1,Republican Party,Rent,Bachelors degree or higher,White
p234,first_name234,last_name234,email234,mobile_number234,primary_address1234,primary_address2234,primary_city234,primary_zip234,Age234,Female,25-34,Neighborhood Region 1,Democratic Party,Own,Some college or Associate’s degree,Asian/PI
p235,first_name235,last_name235,email235,mobile_number235,primary_address1235,primary_address2235,primary_city235,primary_zip235,Age235,Male,45-54,Neighborhood Region 2,Democratic Party,Own,Some college or Associate’s degree,White
p236,first_name236,last_name236,email236,mobile_number236,primary_address1236,primary_address2236,primary_city236,primary_zip236,Age236,Male,25-34,Neighborhood Region 2,Republican Party,Own,Bachelors degree or higher,White
p237,first_name237,last_name237,email237,mobile_number237,primary_address1237,primary_address2237,primary_city237,primary_zip237,Age237,Male,25-34,Neighborhood Region 3,Not Registered,Own,Bachelors degree or higher,White
p238,first_name238,last_name238,email238,mobile_number238,primary_address1238,primary_address2238,primary_city238,primary_zip238,Age238,Male,45-54,Neighborhood Region 2,Non-Affiliated/Other,Rent,High school diploma or equivalent,Asian/PI
p239,first_name239,last_name239,email239,mobile_number239,primary_address1239,primary_address2239,primary_city239,primary_zip239,Age239,Female,65+,Neighborhood Region 1,Republican Party,Own,Some schooling; no diploma,White
p240,first_name240,last_name240,email240,mobile_number240,primary_address1240,primary_address2240,primary_city240,primary_zip240,Age240,Male,65+,Neighborhood Region 1,Republican Party,Own,Bachelors degree or higher,White
p241,first_name241,last_name241,email241,mobile_number241,primary_address1241,primary_address2241,primary_city241,primary_zip241,Age241,Male,55-64,Neighborhood Region 1,Independent Party,Rent,Some college or Associate’s degree,White
p242,first_name242,last_name242,email242,mobile_number242,primary_address1242,primary_address2242,primary_city242,primary_zip242,Age242,Female,35-44,Neighborhood Region 1,Democratic Party,Rent,High school diploma or equivalent,White
p243,first_name243,last_name243,email243,mobile_number243,primary_address1243,primary_address2243,primary_city243,primary_zip243,Age243,Female,45-54,Neighborhood Region 3,Democratic Party,Own,Some schooling; no diploma,White
p244,first_name244,last_name244,email244,mobile_number244,primary_address1244,primary_address2244,primary_city244,primary_zip244,Age244,Female,18-24,Neighborhood Region 2,Republican Party,Rent,Some college or Associate’s degree,White
p245,first_name245,last_name245,email245,mobile_number245,primary_address1245,primary_address2245,primary_city245,primary_zip245,Age245,Male,45-54,Neighborhood Region 3,Independent Party,Rent,Some college or Associate’s degree,White
p246,first_name246,last_name246,email246,mobile_number246,primary_address1246,primary_address2246,primary_city246,primary_zip246,Age246,Female,65+,Neighborhood Region 3,Republican Party,Rent,High school diploma or equivalent,Hispanic/Latinx
p247,first_name247,last_name247,email247,mobile_number247,primary_address1247,primary_address2247,primary_city247,primary_zip247,Age247,Female,35-44,Neighborhood Region 1,Independent Party,Own,Bachelors degree or higher,White
p248,first_name248,last_name248,email248,mobile_number248,primary_address1248,primary_address2248,primary_city248,primary_zip248,Age248,Male,65+,Neighborhood Region 2,Republican Party,Rent,Bachelors degree or higher,White
p249,first_name249,last_name249,email249,mobile_number249,primary_address1249,primary_address2249,primary_city249,primary_zip249,Age249,Male,45-54,Neighborhood Region 1,Democratic Party,Rent,Some college or Associate’s degree,White
p250,first_name250,last_name250,email250,mobile_number250,primary_address1250,primary_address2250,primary_city250,primary_zip250,Age250,Female,25-34,Neighborhood Region 1,Republican Party,Own,Bachelors degree or higher,Black-Af. Amer-Native Amer-AN-Other
p251,first_name251,last_name251,email251,mobile_number251,primary_address1251,primary_address2251,primary_city251,primary_zip251,Age251,Female,45-54,Neighborhood Region 3,Democratic Party,Own,Bachelors degree or higher,White
p252,first_name252,last_name252,email252,mobile_number252,primary_address1252,primary_address2252,primary_city252,primary_zip252,Age252,Female,25-34,Neighborhood Region 1,Democratic Party,Rent,Bachelors degree or higher,Hispanic/Latinx
p253,first_name253,last_name253,email253,mobile_number253,primary_address1253,primary_address2253,primary_city253,primary_zip253,Age253,Male,55-64,Neighborhood Region 1,Democratic Party,Own,Bachelors degree or higher,White
p254,first_name254,last_name254,email254,mobile_number254,primary_address1254,primary_address2254,primary_city254,primary_zip254,Age254,Female,65+,Neighborhood Region 1,Republican Party,Own,Bachelors degree or higher,White
p255,first_name255,last_name255,email255,mobile_number255,primary_address1255,primary_address2255,primary_city255,primary_zip255,Age255,Other,18-24,Neighborhood Region 2,Not Registered,Rent,Bachelors degree or higher,White
p256,first_name256,last_name256,email256,mobile_number256,primary_address1256,primary_address2256,primary_city256,primary_zip256,Age256,Female,25-34,Neighborhood Region 3,Not Registered,Own,Bachelors degree or higher,White
p257,first_name257,last_name257,email257,mobile_number257,primary_address1257,primary_address2257,primary_city257,primary_zip257,Age257,Male,45-54,Neighborhood Region 1,Democratic Party,Rent,Bachelors degree or higher,White
p258,first_name258,last_name258,email258,mobile_number258,primary_address1258,primary_address2258,primary_city258,primary_zip258,Age258,Male,18-24,Neighborhood Region 3,Republican Party,Rent,Bachelors degree or higher,White
p259,first_name259,last_name259,email259,mobile_number259,primary_address1259,primary_address2259,primary_city259,primary_zip259,Age259,Other,65+,Neighborhood Region 2,Democratic Party,Own,Some schooling; no diploma,White
p260,first_name260,last_name260,email260,mobile_number260,primary_address1260,primary_address2260,primary_city260,primary_zip260,Age260,Female,18-24,Neighborhood Region 2,Democratic Party,Rent,Bachelors degree or higher,White
p261,first_name261,last_name261,email261,mobile_number261,primary_address1261,primary_address2261,primary_city261,primary_zip261,Age261,Male,35-44,Neighborhood Region 2,Republican Party,Own,High school diploma or equivalent,White
p262,first_name262,last_name262,email262,mobile_number262,primary_address1262,primary_address2262,primary_city262,primary_zip262,Age262,Male,55-64,Neighborhood Region 2,Democratic Party,Rent,Bachelors degree or higher,White
p263,first_name263,last_name263,email263,mobile_number263,primary_address1263,primary_address2263,primary_city263,primary_zip263,Age263,Male,55-64,Neighborhood Region 2,Republican Party,Rent,High school diploma or equivalent,Hispanic/Latinx
p264,first_name264,last_name264,email264,mobile_number264,primary_address1264,primary_address2264,primary_city264,primary_zip264,Age264,Male,18-24,Neighborhood Region 2,Democratic Party,Rent,Bachelors degree or higher,White
p265,first_name265,last_name265,email265,mobile_number265,primary_address1265,primary_address2265,primary_city265,primary_zip265,Age265,Female,25-34,Neighborhood Region 1,Democratic Party,Own,Bachelors degree or higher,White
p266,first_name266,last_name266,email266,mobile_number266,primary_address1266,primary_address2266,primary_city266,primary_zip266,Age266,Female,55-64,Neighborhood Region 3,Republican Party,Own,Bachelors degree or higher,White
p267,first_name267,last_name267,email267,mobile_number267,primary_address1267,primary_address2267,primary_city267,primary_zip267,Age267,Male,65+,Neighborhood Region 3,Independent Party,Own,High school diploma or equivalent,Hispanic/Latinx
p268,first_name268,last_name268,email268,mobile_number268,primary_address1268,primary_address2268,primary_city268,primary_zip268,Age268,Male,45-54,Neighborhood Region 2,Republican Party,Own,Bachelors degree or higher,Black-Af. Amer-Native Amer-AN-Other
p269,first_name269,last_name269,email269,mobile_number269,primary_address1269,primary_address2269,primary_city269,primary_zip269,Age269,Female,55-64,Neighborhood Region 2,Not Registered,Rent,Bachelors degree or higher,Hispanic/Latinx
p270,first_name270,last_name270,email270,mobile_number270,primary_address1270,primary_address2270,primary_city270,primary_zip270,Age270,Female,25-34,Neighborhood Region 3,Republican Party,Own,Some college or Associate’s degree,White
p271,first_name271,last_name271,email271,mobile_number271,primary_address1271,primary_address2271,primary_city271,primary_zip271,Age271,Male,18-24,Neighborhood Region 2,Not Registered,Own,Some college or Associate’s degree,White
p272,first_name272,last_name272,email272,mobile_number272,primary_address1272,primary_address2272,primary_city272,primary_zip272,Age272,Female,45-54,Neighborhood Region 3,Democratic Party,Rent,Some college or Associate’s degree,White
p273,first_name273,last_name273,email273,mobile_number273,primary_address1273,primary_address2273,primary_city273,primary_zip273,Age273,Female,35-44,Neighborhood Region 1,Non-Affiliated/Other,Own,Bachelors degree or higher,White
p274,first_name274,last_name274,email274,mobile_number274,primary_address1274,primary_address2274,primary_city274,primary_zip274,Age274,Male,18-24,Neighborhood Region 2,Republican Party,Own,Some college or Associate’s degree,White
p275,first_name275,last_name275,email275,mobile_number275,primary_address1275,primary_address2275,primary_city275,primary_zip275,Age275,Female,45-54,Neighborhood Region 1,Non-Affiliated/Other,Own,Bachelors degree or higher,White
p276,first_name276,last_name276,email276,mobile_number276,primary_address1276,primary_address2276,primary_city276,primary_zip276,Age276,Female,45-54,Neighborhood Region 3,Democratic Party,Own,Bachelors degree or higher,White
p277,first_name277,last_name277,email277,mobile_number277,primary_address1277,primary_address2277,primary_city277,primary_zip277,Age277,Female,18-24,Neighborhood Region 2,Democratic Party,Rent,Bachelors degree or higher,White
p278,first_name278,last_name278,email278,mobile_number278,primary_address1278,primary_address2278,primary_city278,primary_zip278,Age278,Male,25-34,Neighborhood Region 3,Democratic Party,Own,Some schooling; no diploma,Black-Af. Amer-Native Amer-AN-Other
p279,first_name279,last_name279,email279,mobile_number279,primary_address1279,primary_address2279,primary_city279,primary_zip279,Age279,Male,45-54,Neighborhood Region 2,Democratic Party,Rent,Some college or Associate’s degree,White
p280,first_name280,last_name280,email280,mobile_number280,primary_address1280,primary_address2280,primary_city280,primary_zip280,Age280,Male,65+,Neighborhood Region 1,Independent Party,Own,Some college or Associate’s degree,White
p281,first_name281,last_name281,email281,mobile_number281,primary_address1281,primary_address2281,primary_city281,primary_zip281,Age281,Male,18-24,Neighborhood Region 1,Not Registered,Own,Some schooling; no diploma,Asian/PI
p282,first_name282,last_name282,email282,mobile_number282,primary_address1282,primary_address2282,primary_city282,primary_zip282,Age282,Female,45-54,Neighborhood Region 1,Independent Party,Rent,Some college or Associate’s degree,White
p283,first_name283,last_name283,email283,mobile_number283,primary_address1283,primary_address2283,primary_city283,primary_zip283,Age283,Male,18-24,Neighborhood Region 3,Non-Affiliated/Other,Rent,Some college or Associate’s degree,Hispanic/Latinx
p284,first_name284,last_name284,email284,mobile_number284,primary_address1284,primary_address2284,primary_city284,primary_zip284,Age284,Male,45-54,Neighborhood Region 2,Democratic Party,Own,Some college or Associate’s degree,White
p285,first_name285,last_name285,email285,mobile_number285,primary_address1285,primary_address2285,primary_city285,primary_zip285,Age285,Other,35-44,Neighborhood Region 2,Democratic Party,Own,High school diploma or equivalent,Hispanic/Latinx
p286,first_name286,last_name286,email286,mobile_number286,primary_address1286,primary_address2286,primary_city286,primary_zip286,Age286,Male,35-44,Neighborhood Region 3,Democratic Party,Rent,Some college or Associate’s degree,White
p287,first_name287,last_name287,email287,mobile_number287,primary_address1287,primary_address2287,primary_city287,primary_zip287,Age287,Other,18-24,Neighborhood Region 3,Republican Party,Own,High school diploma or equivalent,White
p288,first_name288,last_name288,email288,mobile_number288,primary_address1288,primary_address2288,primary_city288,primary_zip288,Age288,Female,35-44,Neighborhood Region 1,Republican Party,Own,Some college or Associate’s degree,White
p289,first_name289,last_name289,email289,mobile_number289,primary_address1289,primary_address2289,primary_city289,primary_zip289,Age289,Female,45-54,Neighborhood Region 2,Democratic Party,Own,High school diploma or equivalent,White
p290,first_name290,last_name290,email290,mobile_number290,primary_address1290,primary_address2290,primary_city290,primary_zip290,Age290,Male,35-44,Neighborhood Region 3,Republican Party,Own,Bachelors degree or higher,White
p291,first_name291,last_name291,email291,mobile_number291,primary_address1291,primary_address2291,primary_city291,primary_zip291,Age291,Female,55-64,Neighborhood Region 2,Non-Affiliated/Other,Rent,Some college or Associate’s degree,White
p292,first_name292,last_name292,email292,mobile_number292,primary_address1292,primary_address2292,primary_city292,primary_zip292,Age292,Female,35-44,Neighborhood Region 3,Democratic Party,Own,Bachelors degree or higher,White
p293,first_name293,last_name293,email293,mobile_number293,primary_address1293,primary_address2293,primary_city293,primary_zip293,Age293,Male,35-44,Neighborhood Region 3,Non-Affiliated/Other,Own,Some college or Associate’s degree,White
p294,first_name294,last_name294,email294,mobile_number294,primary_address1294,primary_address2294,primary_city294,primary_zip294,Age294,Female,35-44,Neighborhood Region 1,Democratic Party,Own,High school diploma or equivalent,White
p295,first_name295,last_name295,email295,mobile_number295,primary_address1295,primary_address2295,primary_city295,primary_zip295,Age295,Female,45-54,Neighborhood Region 2,Non-Affiliated/Other,Rent,Bachelors degree or higher,White
p296,first_name296,last_name296,email296,mobile_number296,primary_address1296,primary_address2296,primary_city296,primary_zip296,Age296,Male,35-44,Neighborhood Region 3,Republican Party,Own,Bachelors degree or higher,White
p297,first_name297,last_name297,email297,mobile_number297,primary_address1297,primary_address2297,primary_city297,primary_zip297,Age297,Female,18-24,Neighborhood Region 1,Republican Party,Own,Some schooling; no diploma,White
p298,first_name298,last_name298,email298,mobile_number298,primary_address1298,primary_address2298,primary_city298,primary_zip298,Age298,Male,55-64,Neighborhood Region 2,Republican Party,Own,Bachelors degree or higher,White
p299,first_name299,last_name299,email299,mobile_number299,primary_address1299,primary_address2299,primary_city299,primary_zip299,Age299,Female,65+,Neighborhood Region 1,Republican Party,Rent,Some college or Associate’s degree,White
